content_partner,primary_collection,items_total,usage,count,usage_total
95bFM,95bFM,9822,All rights reserved,11617,11617
95bFM,95bFM YouTube,709,All rights reserved,764,764
AgEcon Search,AgEcon Search,1527,All rights reserved,1527,1527
Air Force Museum of New Zealand,Air Force Museum of New Zealand Photograph Collection,16608,Share,24669,24700
Air Force Museum of New Zealand,Air Force Museum of New Zealand Photograph Collection,16608,Modify,24652,24700
Air Force Museum of New Zealand,Air Force Museum of New Zealand Photograph Collection,16608,Use commercially,6312,24700
Air Force Museum of New Zealand,Air Force Museum of New Zealand Photograph Collection,16608,Unknown,31,24700
Alexander Turnbull Library,Alexander Turnbull Library Flickr,4307,Modify,4307,4307
Alexander Turnbull Library,Alexander Turnbull Library Flickr,4307,Share,4307,4307
Alexander Turnbull Library,Alexander Turnbull Library Flickr,4307,Use commercially,4307,4307
Alexander Turnbull Library,TAPUHI,333206,Unknown,215059,333317
Alexander Turnbull Library,TAPUHI,333206,All rights reserved,65524,333317
Alexander Turnbull Library,TAPUHI,333206,Modify,52734,333317
Alexander Turnbull Library,TAPUHI,333206,Share,52734,333317
Alexander Turnbull Library,TAPUHI,333206,Use commercially,52734,333317
Alexander Turnbull Library,Te Ao Hou,7066,All rights reserved,7066,7066
Alexander Turnbull Library,Transactions and Proceedings of the Royal Society of New Zealand 1868-1961,37625,All rights reserved,4200,4200
Amuri Historical Society,Amuri Historical Society NZMuseums,8,All rights reserved,8,8
Antarctica New Zealand,Antarctica NZ Digital Asset Manager,55348,Share,44894,58934
Antarctica New Zealand,Antarctica NZ Digital Asset Manager,55348,All rights reserved,14040,58934
Antarctica New Zealand,Antarctica NZ Digital Asset Manager,55348,Use commercially,1768,58934
Antarctica New Zealand,Antarctica NZ Digital Asset Manager,55348,Modify,1645,58934
Aotearoa People's Network Kaharoa,Aotearoa People's Network Kaharoa Flickr,2641,Modify,2523,2641
Aotearoa People's Network Kaharoa,Aotearoa People's Network Kaharoa Flickr,2641,Share,2523,2641
Aotearoa People's Network Kaharoa,Aotearoa People's Network Kaharoa Flickr,2641,All rights reserved,118,2641
Ara Institute of Canterbury,Ara Institute of Canterbury Repository,292,All rights reserved,292,292
Archives Central,Archives Central,7113,Unknown,7133,7619
Archives Central,Archives Central,7113,All rights reserved,412,7619
Archives Central,Archives Central,7113,Share,74,7619
Archives Central,Archives Central,7113,Modify,59,7619
Archives Central,Archives Central,7113,Use commercially,31,7619
Archives New Zealand Te Rua Mahara o te Kāwanatanga,Archives New Zealand Historical Film Footage,47,Modify,47,47
Archives New Zealand Te Rua Mahara o te Kāwanatanga,Archives New Zealand Historical Film Footage,47,Share,47,47
Archives New Zealand Te Rua Mahara o te Kāwanatanga,Archives New Zealand Historical Film Footage,47,Use commercially,47,47
Archives New Zealand Te Rua Mahara o te Kāwanatanga,Archives New Zealand Te Rua Mahara o te Kāwanatanga Flickr,4914,Share,5124,5124
Archives New Zealand Te Rua Mahara o te Kāwanatanga,Archives New Zealand Te Rua Mahara o te Kāwanatanga Flickr,4914,Modify,5109,5124
Archives New Zealand Te Rua Mahara o te Kāwanatanga,Archives New Zealand Te Rua Mahara o te Kāwanatanga Flickr,4914,Use commercially,5109,5124
Archives New Zealand Te Rua Mahara o te Kāwanatanga,Archives New Zealand YouTube,592,Modify,692,876
Archives New Zealand Te Rua Mahara o te Kāwanatanga,Archives New Zealand YouTube,592,Share,692,876
Archives New Zealand Te Rua Mahara o te Kāwanatanga,Archives New Zealand YouTube,592,Use commercially,692,876
Archives New Zealand Te Rua Mahara o te Kāwanatanga,Archives New Zealand YouTube,592,All rights reserved,184,876
Archives New Zealand Te Rua Mahara o te Kāwanatanga,Archway,140914,Modify,140914,140914
Archives New Zealand Te Rua Mahara o te Kāwanatanga,Archway,140914,Share,140914,140914
Archives New Zealand Te Rua Mahara o te Kāwanatanga,Shared Repository,2,Modify,2,2
Archives New Zealand Te Rua Mahara o te Kāwanatanga,Shared Repository,2,Share,2,2
Archives New Zealand Te Rua Mahara o te Kāwanatanga,Shared Repository,2,Use commercially,2,2
Archives New Zealand Te Rua Mahara o te Kāwanatanga,War Art Online,1477,Modify,1477,1477
Archives New Zealand Te Rua Mahara o te Kāwanatanga,War Art Online,1477,Share,1477,1477
Archives New Zealand Te Rua Mahara o te Kāwanatanga,War Art Online,1477,Use commercially,1477,1477
AttitudeLive,AttitudeLive YouTube,1477,All rights reserved,1474,1474
Auckland Art Gallery Toi o Tāmaki,Auckland Art Gallery Toi o Tāmaki,17251,Modify,9013,17364
Auckland Art Gallery Toi o Tāmaki,Auckland Art Gallery Toi o Tāmaki,17251,Share,9013,17364
Auckland Art Gallery Toi o Tāmaki,Auckland Art Gallery Toi o Tāmaki,17251,Use commercially,9013,17364
Auckland Art Gallery Toi o Tāmaki,Auckland Art Gallery Toi o Tāmaki,17251,All rights reserved,8029,17364
Auckland Art Gallery Toi o Tāmaki,Auckland Art Gallery Toi o Tāmaki,17251,Unknown,322,17364
Auckland Art Gallery Toi o Tāmaki,Auckland Art Gallery Toi o Tāmaki YouTube,251,All rights reserved,290,290
Auckland Council Archives,Auckland Council Archives Document and Image Gallery,21,All rights reserved,21,21
Auckland Libraries,Auckland Libraries Heritage Images Collection,270234,Modify,206412,267112
Auckland Libraries,Auckland Libraries Heritage Images Collection,270234,Share,206412,267112
Auckland Libraries,Auckland Libraries Heritage Images Collection,270234,Use commercially,206412,267112
Auckland Libraries,Auckland Libraries Heritage Images Collection,270234,All rights reserved,60185,267112
Auckland Libraries,Auckland Libraries Heritage Images Collection,270234,Unknown,515,267112
Auckland Libraries,Auckland Libraries Manuscripts Collection,7936,All rights reserved,7936,7936
Auckland Libraries,Kura Heritage Collections Online,109816,Share,56501,71695
Auckland Libraries,Kura Heritage Collections Online,109816,Modify,56500,71695
Auckland Libraries,Kura Heritage Collections Online,109816,Use commercially,54113,71695
Auckland Libraries,Kura Heritage Collections Online,109816,All rights reserved,15194,71695
Auckland University of Technology,Tuwhera,7686,All rights reserved,7119,7729
Auckland University of Technology,Tuwhera,7686,Share,610,7729
Auckland University of Technology,Tuwhera,7686,Modify,555,7729
Auckland University of Technology,Tuwhera,7686,Use commercially,435,7729
Auckland War Memorial Museum Tāmaki Paenga Hira,Auckland Museum Collections,248155,Modify,142052,261411
Auckland War Memorial Museum Tāmaki Paenga Hira,Auckland Museum Collections,248155,Share,142052,261411
Auckland War Memorial Museum Tāmaki Paenga Hira,Auckland Museum Collections,248155,Use commercially,141899,261411
Auckland War Memorial Museum Tāmaki Paenga Hira,Auckland Museum Collections,248155,Unknown,91051,261411
Auckland War Memorial Museum Tāmaki Paenga Hira,Auckland Museum Collections,248155,All rights reserved,28308,261411
Auckland War Memorial Museum Tāmaki Paenga Hira,Auckland War Memorial Museum Tāmaki Paenga Hira Flickr,756,All rights reserved,756,756
Auckland War Memorial Museum Tāmaki Paenga Hira,Auckland War Memorial Museum Tāmaki Paenga Hira YouTube,623,All rights reserved,643,648
Auckland War Memorial Museum Tāmaki Paenga Hira,Auckland War Memorial Museum Tāmaki Paenga Hira YouTube,623,Modify,5,648
Auckland War Memorial Museum Tāmaki Paenga Hira,Auckland War Memorial Museum Tāmaki Paenga Hira YouTube,623,Share,5,648
Auckland War Memorial Museum Tāmaki Paenga Hira,Auckland War Memorial Museum Tāmaki Paenga Hira YouTube,623,Use commercially,5,648
Auckland War Memorial Museum Tāmaki Paenga Hira,Cenotaph Database,184397,Modify,252931,252931
Auckland War Memorial Museum Tāmaki Paenga Hira,Cenotaph Database,184397,Share,252931,252931
Auckland War Memorial Museum Tāmaki Paenga Hira,Cenotaph Database,184397,Use commercially,252931,252931
Audio Foundation,Audio Foundation,168,All rights reserved,182,182
Audio Foundation,Audio Foundation YouTube,136,All rights reserved,143,143
AudioCulture,AudioCulture,1338,Modify,1436,1436
AudioCulture,AudioCulture,1338,Share,1436,1436
Australian National Maritime Museum,Australian National Maritime Museum Flickr,126,Modify,127,127
Australian National Maritime Museum,Australian National Maritime Museum Flickr,126,Share,127,127
Australian National Maritime Museum,Australian National Maritime Museum Flickr,126,Use commercially,127,127
"Buller, Grey and Westland District Libraries",Kete West Coast,3740,Modify,2994,3742
"Buller, Grey and Westland District Libraries",Kete West Coast,3740,Share,2994,3742
"Buller, Grey and Westland District Libraries",Kete West Coast,3740,All rights reserved,748,3742
"Buller, Grey and Westland District Libraries",Kete West Coast,3740,Use commercially,452,3742
CORE Education,EDtalks,778,Share,778,778
Canterbury Museum,Canterbury Museum,68842,Unknown,112584,129754
Canterbury Museum,Canterbury Museum,68842,Modify,16383,129754
Canterbury Museum,Canterbury Museum,68842,Share,16383,129754
Canterbury Museum,Canterbury Museum,68842,Use commercially,16383,129754
Canterbury Museum,Canterbury Museum,68842,All rights reserved,787,129754
Central Otago Memory Bank,Central Otago Memory Bank,1116,All rights reserved,1116,1116
Centre for Housing Research Aotearoa New Zealand,Shared Repository,123,All rights reserved,123,123
Christchurch City Libraries,Christchurch City Libraries Flickr,36335,Share,33542,37322
Christchurch City Libraries,Christchurch City Libraries Flickr,36335,Modify,18847,37322
Christchurch City Libraries,Christchurch City Libraries Flickr,36335,All rights reserved,3780,37322
Christchurch City Libraries,Christchurch City Libraries Heritage Images Collection,7756,All rights reserved,6668,6668
Christchurch City Libraries,Matapihi,1611,All rights reserved,1611,1611
Christchurch uncovered,Christchurch uncovered,212,All rights reserved,224,224
Department of Building and Housing,Shared Repository,6,All rights reserved,5,6
Department of Building and Housing,Shared Repository,6,Modify,1,6
Department of Building and Housing,Shared Repository,6,Share,1,6
Department of Building and Housing,Shared Repository,6,Use commercially,1,6
Department of Conservation Te Papa Atawhai,Department of Conservation Te Papa Atawhai YouTube,806,Modify,441,828
Department of Conservation Te Papa Atawhai,Department of Conservation Te Papa Atawhai YouTube,806,Share,441,828
Department of Conservation Te Papa Atawhai,Department of Conservation Te Papa Atawhai YouTube,806,Use commercially,441,828
Department of Conservation Te Papa Atawhai,Department of Conservation Te Papa Atawhai YouTube,806,All rights reserved,387,828
Department of Internal Affairs,New Zealand Gazette,218771,Modify,223448,223448
Department of Internal Affairs,New Zealand Gazette,218771,Share,223448,223448
Department of Internal Affairs,New Zealand Gazette,218771,Use commercially,223448,223448
Deutsche Digitale Bibliothek,Deutsche Digitale Bibliothek,748,Share,720,1016
Deutsche Digitale Bibliothek,Deutsche Digitale Bibliothek,748,Modify,706,1016
Deutsche Digitale Bibliothek,Deutsche Digitale Bibliothek,748,Use commercially,690,1016
Deutsche Digitale Bibliothek,Deutsche Digitale Bibliothek,748,All rights reserved,296,1016
Digital Public Library of America,Digital Public Library of America,19922,All rights reserved,17566,22168
Digital Public Library of America,Digital Public Library of America,19922,Share,4602,22168
Digital Public Library of America,Digital Public Library of America,19922,Modify,4570,22168
Digital Public Library of America,Digital Public Library of America,19922,Use commercially,4151,22168
DigitalNZ,DigitalNZ Blog,207,Share,207,207
DigitalNZ,DigitalNZ Stories,6429,Unknown,7271,7271
DigitalNZ,DigitalNZ Website,53,Modify,53,53
DigitalNZ,DigitalNZ Website,53,Share,53,53
DigitalNZ,DigitalNZ Website,53,Use commercially,53,53
DigitalNZ,Make it Digital,23,Modify,23,23
DigitalNZ,Make it Digital,23,Share,23,23
DigitalNZ,Make it Digital,23,Use commercially,23,23
Directory of Open Access Journals,Directory of Open Access Journals,4104,Share,4021,4104
Directory of Open Access Journals,Directory of Open Access Journals,4104,Modify,3578,4104
Directory of Open Access Journals,Directory of Open Access Journals,4104,Use commercially,2942,4104
Directory of Open Access Journals,Directory of Open Access Journals,4104,All rights reserved,83,4104
Down to the Wire,Down to the Wire,22,Modify,22,22
Down to the Wire,Down to the Wire,22,Share,22,22
Down to the Wire,Down to the Wire YouTube,63,Modify,63,63
Down to the Wire,Down to the Wire YouTube,63,Share,63,63
Dunedin City Council Archives,Dunedin City Council Archives Flickr,1758,Modify,1770,1770
Dunedin City Council Archives,Dunedin City Council Archives Flickr,1758,Share,1770,1770
Dunedin City Council Archives,Dunedin City Council Archives Flickr,1758,Use commercially,1754,1770
Dunedin Public Art Gallery,Dunedin Public Art Gallery,5367,All rights reserved,5542,5542
Dunedin Public Libraries,He Purapura Marara Scattered Seeds,2001,Share,2140,2246
Dunedin Public Libraries,He Purapura Marara Scattered Seeds,2001,Use commercially,315,2246
Dunedin Public Libraries,He Purapura Marara Scattered Seeds,2001,Modify,209,2246
Dunedin Public Libraries,He Purapura Marara Scattered Seeds,2001,All rights reserved,106,2246
E-Tangata,E-Tangata,865,All rights reserved,1014,1014
Eastern Institute of Technology,Shared Repository,107,All rights reserved,107,107
Energy Efficiency and Conservation Authority,Energy Efficiency and Conservation Authority,68,All rights reserved,68,68
Feilding Library,Feilding Library,4062,Share,3791,4062
Feilding Library,Feilding Library,4062,Modify,1764,4062
Feilding Library,Feilding Library,4062,Use commercially,1319,4062
Feilding Library,Feilding Library,4062,Unknown,271,4062
FigShare,FigShare,4,Modify,12076,12076
FigShare,FigShare,4,Share,12076,12076
FigShare,FigShare,4,Use commercially,12076,12076
Figure.NZ,Figure.NZ,46308,Share,48623,49517
Figure.NZ,Figure.NZ,46308,Modify,48478,49517
Figure.NZ,Figure.NZ,46308,Use commercially,48309,49517
Figure.NZ,Figure.NZ,46308,Unknown,894,49517
Forest and Bird,Forest and Bird,76,All rights reserved,85,85
Forest and Bird,Forest and Bird YouTube,245,All rights reserved,275,275
Free Music Archive,Free Music Archive,5,Modify,5,5
Free Music Archive,Free Music Archive,5,Share,5,5
Free Music Archive,Free Music Archive,5,Use commercially,5,5
Freesound,Freesound,65,Modify,65,65
Freesound,Freesound,65,Share,65,65
Freesound,Freesound,65,Use commercially,55,65
Gisborne Photo News,Gisborne Photo News,14190,Share,14190,14190
Gus Fisher Gallery,Gus Fisher Gallery NZMuseums,96,All rights reserved,96,96
Hamilton City Libraries,Hamilton Heritage Collections,10795,All rights reserved,18905,18905
HathiTrust,HathiTrust Digital Library,2317,All rights reserved,3345,3826
HathiTrust,HathiTrust Digital Library,2317,Share,481,3826
HathiTrust,HathiTrust Digital Library,2317,Modify,335,3826
HathiTrust,HathiTrust Digital Library,2317,Use commercially,56,3826
Hawke's Bay Knowledge Bank,Hawke's Bay Knowledge Bank,29536,Modify,34669,34669
Hawke's Bay Knowledge Bank,Hawke's Bay Knowledge Bank,29536,Share,34669,34669
Howick Historical Village,Howick Historical Village NZMuseums,10322,All rights reserved,11794,11794
Hurunui District Libraries,Hurunui Kete,1521,Share,1500,1521
Hurunui District Libraries,Hurunui Kete,1521,Modify,1389,1521
Hurunui District Libraries,Hurunui Kete,1521,All rights reserved,21,1521
Hurunui District Libraries,Hurunui Kete,1521,Use commercially,2,1521
Hutt City Council,Hutt City Council Archives,15899,Modify,15899,15899
Hutt City Council,Hutt City Council Archives,15899,Share,15899,15899
Hutt City Council,Hutt City Council Archives,15899,Use commercially,15899,15899
Hutt City Libraries,The Hutt City Libraries Online Heritage Collection,794,Modify,794,794
Hutt City Libraries,The Hutt City Libraries Online Heritage Collection,794,Share,794,794
Hutt City Libraries,The Hutt City Libraries Online Heritage Collection,794,Use commercially,794,794
Institute of Environmental Science and Research Ltd (ESR),Public Health Surveillance reports,262,All rights reserved,262,262
Internet Archive,Internet Archive,3,Modify,3,3
Internet Archive,Internet Archive,3,Share,3,3
Internet Archive,Internet Archive,3,Use commercially,1,3
Isel House,Isel House NZMuseums,33,All rights reserved,33,33
John Kinder Theological Library,John Kinder Theological Library,9126,Modify,6742,8057
John Kinder Theological Library,John Kinder Theological Library,9126,Share,6742,8057
John Kinder Theological Library,John Kinder Theological Library,9126,Use commercially,6655,8057
John Kinder Theological Library,John Kinder Theological Library,9126,All rights reserved,1315,8057
Kawerau District Library,Kete Kawerau,589,Modify,561,589
Kawerau District Library,Kete Kawerau,589,Share,561,589
Kawerau District Library,Kete Kawerau,589,All rights reserved,28,589
Kent Palmer Art,Kent Palmer Art,89,Share,89,89
Kete Central Hawke's Bay,Kete Central Hawke's Bay,429,Modify,418,429
Kete Central Hawke's Bay,Kete Central Hawke's Bay,429,Share,418,429
Kete Central Hawke's Bay,Kete Central Hawke's Bay,429,Use commercially,167,429
Kete Central Hawke's Bay,Kete Central Hawke's Bay,429,All rights reserved,11,429
Kete Christchurch,Kete Christchurch,45055,Share,44863,45056
Kete Christchurch,Kete Christchurch,45055,Modify,42368,45056
Kete Christchurch,Kete Christchurch,45055,Use commercially,231,45056
Kete Christchurch,Kete Christchurch,45055,All rights reserved,193,45056
Kete Hauraki Coromandel,Kete Hauraki Coromandel,925,Modify,922,925
Kete Hauraki Coromandel,Kete Hauraki Coromandel,925,Share,922,925
Kete Hauraki Coromandel,Kete Hauraki Coromandel,925,Use commercially,11,925
Kete Hauraki Coromandel,Kete Hauraki Coromandel,925,All rights reserved,3,925
Kete Horowhenua,Kete Horowhenua,29386,Modify,28014,29431
Kete Horowhenua,Kete Horowhenua,29386,Share,28014,29431
Kete Horowhenua,Kete Horowhenua,29386,Unknown,1415,29431
Kete Horowhenua,Kete Horowhenua,29386,Use commercially,580,29431
Kete Horowhenua,Kete Horowhenua,29386,All rights reserved,2,29431
Kete King Country,Kete King Country,264,Modify,259,264
Kete King Country,Kete King Country,264,Share,259,264
Kete King Country,Kete King Country,264,Use commercially,14,264
Kete King Country,Kete King Country,264,All rights reserved,5,264
Kete Masterton,Kete Masterton,374,Modify,374,374
Kete Masterton,Kete Masterton,374,Share,374,374
Kete New Plymouth,Kete New Plymouth,33245,Share,28555,33782
Kete New Plymouth,Kete New Plymouth,33245,Unknown,5059,33782
Kete New Plymouth,Kete New Plymouth,33245,Modify,3394,33782
Kete New Plymouth,Kete New Plymouth,33245,All rights reserved,168,33782
Kete New Plymouth,Kete New Plymouth,33245,Use commercially,15,33782
Kete Rotorua,Kete Rotorua,4258,Modify,3247,4258
Kete Rotorua,Kete Rotorua,4258,Share,3247,4258
Kete Rotorua,Kete Rotorua,4258,All rights reserved,1011,4258
Kete Rotorua,Kete Rotorua,4258,Use commercially,35,4258
Kete Selwyn,Kete Selwyn,2815,Modify,2650,2815
Kete Selwyn,Kete Selwyn,2815,Share,2650,2815
Kete Selwyn,Kete Selwyn,2815,All rights reserved,165,2815
Kete Selwyn,Kete Selwyn,2815,Use commercially,1,2815
Kete Tararua,Kete Tararua,417,Modify,414,417
Kete Tararua,Kete Tararua,417,Share,414,417
Kete Tararua,Kete Tararua,417,All rights reserved,3,417
Kete Tasman,Kete Tasman,2053,Modify,1831,2067
Kete Tasman,Kete Tasman,2053,Share,1831,2067
Kete Tasman,Kete Tasman,2053,All rights reserved,236,2067
Kete Tasman,Kete Tasman,2053,Use commercially,9,2067
Kete Taupo,Kete Taupo,551,Modify,546,551
Kete Taupo,Kete Taupo,551,Share,546,551
Kete Taupo,Kete Taupo,551,All rights reserved,5,551
Kowai Archives,Kowai Archives NZMuseums,23,All rights reserved,23,23
LERNZdb,LERNZ Freshwater Database,1193,Modify,1193,1193
LERNZdb,LERNZ Freshwater Database,1193,Share,1193,1193
LERNZdb,LERNZ Freshwater Database,1193,Use commercially,1193,1193
Landcare Trust,Landcare Trust YouTube,77,All rights reserved,136,136
Landfall,Landfall Archive,4988,All rights reserved,4988,4988
Landfall,Landfall Review Online,705,All rights reserved,758,758
Laurie Family,WRD Laurie World War One Photographs,163,Modify,162,163
Laurie Family,WRD Laurie World War One Photographs,163,Share,162,163
Laurie Family,WRD Laurie World War One Photographs,163,Use commercially,162,163
Laurie Family,WRD Laurie World War One Photographs,163,All rights reserved,1,163
Lincoln University,Data@Lincoln,61,Share,66,66
Lincoln University,Data@Lincoln,61,Modify,65,66
Lincoln University,Data@Lincoln,61,Use commercially,60,66
Lincoln University,Landscape Review,258,Modify,258,258
Lincoln University,Landscape Review,258,Share,258,258
Lincoln University,Landscape Review,258,Use commercially,258,258
Lincoln University,Lincoln Planning Review,282,Modify,282,282
Lincoln University,Lincoln Planning Review,282,Share,282,282
Lincoln University,Lincoln University Research Archive,6435,All rights reserved,5630,6791
Lincoln University,Lincoln University Research Archive,6435,Share,1161,6791
Lincoln University,Lincoln University Research Archive,6435,Modify,860,6791
Lincoln University,Lincoln University Research Archive,6435,Use commercially,762,6791
Lincoln University,Lincoln University Resources for Education,302,All rights reserved,302,302
Lincoln University,Mahika Kai Journal,7,Modify,7,7
Lincoln University,Mahika Kai Journal,7,Share,7,7
Lincoln University,Mahika Kai Journal,7,Use commercially,7,7
Lost Christchurch,Lost Christchurch,133,All rights reserved,134,134
MOTAT,MOTAT,30749,All rights reserved,27826,30953
MOTAT,MOTAT,30749,Modify,2847,30953
MOTAT,MOTAT,30749,Share,2847,30953
MOTAT,MOTAT,30749,Use commercially,2847,30953
MOTAT,MOTAT,30749,Unknown,280,30953
MTG Hawke's Bay,MTG Hawke's Bay,15633,Unknown,16840,16842
MTG Hawke's Bay,MTG Hawke's Bay,15633,All rights reserved,2,16842
Manaaki Whenua – Landcare Research,Flax Collection,54,Modify,54,54
Manaaki Whenua – Landcare Research,Flax Collection,54,Share,54,54
Manaaki Whenua – Landcare Research,Flax Collection,54,Use commercially,54,54
Manaaki Whenua – Landcare Research,Flora of New Zealand,1476,Modify,1442,1442
Manaaki Whenua – Landcare Research,Flora of New Zealand,1476,Share,1442,1442
Manaaki Whenua – Landcare Research,Flora of New Zealand,1476,Use commercially,1438,1442
Manaaki Whenua – Landcare Research,Landcare Research Digital Library,7960,All rights reserved,6032,7962
Manaaki Whenua – Landcare Research,Landcare Research Digital Library,7960,Share,1930,7962
Manaaki Whenua – Landcare Research,Landcare Research Digital Library,7960,Modify,1896,7962
Manaaki Whenua – Landcare Research,Landcare Research Digital Library,7960,Use commercially,1,7962
Manaaki Whenua – Landcare Research,NZFUNGI,8674,Modify,8315,8674
Manaaki Whenua – Landcare Research,NZFUNGI,8674,Share,8315,8674
Manaaki Whenua – Landcare Research,NZFUNGI,8674,Use commercially,6646,8674
Manaaki Whenua – Landcare Research,NZFUNGI,8674,All rights reserved,359,8674
Massey University,Massey Research Online,13730,All rights reserved,13657,13979
Massey University,Massey Research Online,13730,Share,322,13979
Massey University,Massey Research Online,13730,Modify,272,13979
Massey University,Massey Research Online,13730,Use commercially,245,13979
Massey University,Tāmiro,6910,Modify,8163,10001
Massey University,Tāmiro,6910,Share,8163,10001
Massey University,Tāmiro,6910,Use commercially,8162,10001
Massey University,Tāmiro,6910,All rights reserved,1838,10001
Mataura Museum,Mataura Museum NZMuseums,3216,All rights reserved,3189,3251
Mataura Museum,Mataura Museum NZMuseums,3216,Share,54,3251
Mataura Museum,Mataura Museum NZMuseums,3216,Modify,53,3251
Mataura Museum,Mataura Museum NZMuseums,3216,Use commercially,53,3251
Mataura Museum,Mataura Museum NZMuseums,3216,Unknown,8,3251
Ministry for the Environment,Ministry for the Environment Publications,1159,All rights reserved,2176,2176
Ministry of Fisheries Te Tautiaki i nga tini a Tangaroa,NABIS,652,All rights reserved,652,652
Ministry of Health,HealthEd Health Resources,1,All rights reserved,410,410
Ministry of Health,Ministry of Health Publications,1669,All rights reserved,1709,1709
Ministry of Health,Public Health Surveillance reports,262,All rights reserved,262,262
Ministry of Tourism Te Manatū Tāpoi,Tourism Research,105,All rights reserved,105,105
Mix & Mash 2011,Mix & Mash Literacy Category Content,16,Modify,16,16
Mix & Mash 2011,Mix & Mash Literacy Category Content,16,Share,16,16
Mix & Mash 2011,Mix & Mash Literacy Category Content,16,Use commercially,3,16
Motu Economic and Public Policy Research,Motu Economic and Public Policy Research,784,All rights reserved,784,784
Museum of New Zealand Te Papa Tongarewa,Museum of New Zealand Te Papa Tongarewa YouTube,707,All rights reserved,629,630
Museum of New Zealand Te Papa Tongarewa,Museum of New Zealand Te Papa Tongarewa YouTube,707,Modify,1,630
Museum of New Zealand Te Papa Tongarewa,Museum of New Zealand Te Papa Tongarewa YouTube,707,Share,1,630
Museum of New Zealand Te Papa Tongarewa,Museum of New Zealand Te Papa Tongarewa YouTube,707,Use commercially,1,630
Museum of New Zealand Te Papa Tongarewa,Te Papa Collections Online,205169,All rights reserved,113003,217715
Museum of New Zealand Te Papa Tongarewa,Te Papa Collections Online,205169,Share,104712,217715
Museum of New Zealand Te Papa Tongarewa,Te Papa Collections Online,205169,Modify,84455,217715
Museum of New Zealand Te Papa Tongarewa,Te Papa Collections Online,205169,Use commercially,84411,217715
Museums Victoria,Museums Victoria,2463,Modify,1952,2475
Museums Victoria,Museums Victoria,2463,Share,1952,2475
Museums Victoria,Museums Victoria,2463,Use commercially,1952,2475
Museums Victoria,Museums Victoria,2463,All rights reserved,523,2475
NIWA,NIWA YouTube,383,All rights reserved,187,257
NIWA,NIWA YouTube,383,Modify,70,257
NIWA,NIWA YouTube,383,Share,70,257
NIWA,NIWA YouTube,383,Use commercially,70,257
NZ Musician,NZ Musician,1003,All rights reserved,1155,1155
NZ On Screen,NZ On Screen,5556,All rights reserved,5407,5799
NZ On Screen,NZ On Screen,5556,Modify,392,5799
NZ On Screen,NZ On Screen,5556,Share,392,5799
NZEI Te Riu Roa (New Zealand Educational Institute),NZEI Heritage,5126,All rights reserved,3322,5126
NZEI Te Riu Roa (New Zealand Educational Institute),NZEI Heritage,5126,Share,1804,5126
NZEI Te Riu Roa (New Zealand Educational Institute),NZEI Heritage,5126,Modify,1802,5126
NZEI Te Riu Roa (New Zealand Educational Institute),NZEI Heritage,5126,Use commercially,1,5126
National Army Museum,National Army Museum,14035,Share,11918,14035
National Army Museum,National Army Museum,14035,All rights reserved,2117,14035
National Library of Australia,Digital Collections (Pictures),1762,All rights reserved,1762,1762
National Library of New Zealand,AnyQuestions,216,All rights reserved,237,237
National Library of New Zealand,AtoJsOnline,6747,Modify,6747,6747
National Library of New Zealand,AtoJsOnline,6747,Share,6747,6747
National Library of New Zealand,AtoJsOnline,6747,Use commercially,6747,6747
National Library of New Zealand,Canterbury Earthquake and Rebuild - Archived websites,135,All rights reserved,135,135
National Library of New Zealand,National Library of New Zealand Catalogue,97063,All rights reserved,105049,105049
National Library of New Zealand,National Library of New Zealand YouTube,130,Modify,115,147
National Library of New Zealand,National Library of New Zealand YouTube,130,Share,115,147
National Library of New Zealand,National Library of New Zealand YouTube,130,Use commercially,115,147
National Library of New Zealand,National Library of New Zealand YouTube,130,All rights reserved,32,147
National Library of New Zealand,Papers Past,26122911,Modify,24453026,26122911
National Library of New Zealand,Papers Past,26122911,Share,24453026,26122911
National Library of New Zealand,Papers Past,26122911,Use commercially,21117061,26122911
National Library of New Zealand,Papers Past,26122911,All rights reserved,1669885,26122911
Nelson Photo News,Nelson Photo News,8222,Share,8222,8222
Nelson Provincial Museum,Nelson Provincial Museum,153109,All rights reserved,153977,153977
Nelson Provincial Museum,WW1 Profiles,73,All rights reserved,73,73
New Zealand Cricket Museum,New Zealand Cricket Museum,1004,All rights reserved,1016,1016
New Zealand Fashion Museum,New Zealand Fashion Museum,1955,All rights reserved,1994,1996
New Zealand Fashion Museum,New Zealand Fashion Museum,1955,Modify,2,1996
New Zealand Fashion Museum,New Zealand Fashion Museum,1955,Share,2,1996
New Zealand Film Commission,NZ On Screen,352,All rights reserved,358,358
New Zealand Journal of Forestry Science,New Zealand Journal of Forestry Science,94,Modify,53,94
New Zealand Journal of Forestry Science,New Zealand Journal of Forestry Science,94,Share,53,94
New Zealand Journal of Forestry Science,New Zealand Journal of Forestry Science,94,Use commercially,53,94
New Zealand Journal of Forestry Science,New Zealand Journal of Forestry Science,94,All rights reserved,41,94
New Zealand Maritime Museum,New Zealand Maritime Museum,1150,All rights reserved,1150,1150
New Zealand Medical Association,The New Zealand Medical Journal,3491,All rights reserved,3768,3768
New Zealand Plant Conservation Network,NZPCN E-Newsletters,196,All rights reserved,212,212
New Zealand Plant Conservation Network,New Zealand Plant Conservation Network,3323,All rights reserved,3130,3130
New Zealand Plant Conservation Network,New Zealand Regional Botanical Society Journals,2841,All rights reserved,2841,2841
New Zealand Portrait Gallery Te Pūkenga Whakaata,New Zealand Portrait Gallery NZMuseums,209,All rights reserved,216,216
New Zealand Taxation,New Zealand Taxation,723,All rights reserved,723,723
New Zealand Tertiary College,He Kupu,205,All rights reserved,205,205
New Zealand Tertiary College,Shared Repository,13,All rights reserved,13,13
Nga Manu Nature Reserve,Nga Manu Nature Reserve Flickr,851,All rights reserved,593,851
Nga Manu Nature Reserve,Nga Manu Nature Reserve Flickr,851,Share,258,851
Ngā Pae o te Māramatanga,MAI Journal,181,All rights reserved,200,200
Ngā Pae o te Māramatanga,Ngā Pae o te Māramatanga Media Centre,320,All rights reserved,338,338
Ngā Taonga Sound & Vision,Ngā Taonga Sound & Vision,7726,All rights reserved,7971,7971
Open Polytechnic,Open Polytechnic Repository,1742,All rights reserved,1742,1742
Otago Medical School Alumni Association,OMSAA Historical Artefacts,2302,All rights reserved,2302,2302
Our Wāhine,Our Wāhine,70,All rights reserved,70,70
PSA Journal,PSA Journal,1044,All rights reserved,1044,1044
Palmerston North City Library,Manawatū Heritage,18259,Share,14396,18691
Palmerston North City Library,Manawatū Heritage,18259,Modify,14389,18691
Palmerston North City Library,Manawatū Heritage,18259,Use commercially,12846,18691
Palmerston North City Library,Manawatū Heritage,18259,All rights reserved,4295,18691
Paul Spain,NZ Business Podcast,55,All rights reserved,57,57
Paul Spain,NZ Digital Podcast,10,All rights reserved,10,10
Paul Spain,NZ Tech Podcast,554,All rights reserved,591,591
Picture Australia,Digital Collections (Pictures),1762,All rights reserved,1762,1762
Plant & Food Research,Plant & Food Research YouTube,157,All rights reserved,174,174
Play It Strange,Play It Strange,754,All rights reserved,754,754
Powerhouse Museum,Powerhouse Museum,300,All rights reserved,300,300
Presbyterian Church of Aotearoa New Zealand,Presbyterian Research Centre,12276,Share,12755,14487
Presbyterian Church of Aotearoa New Zealand,Presbyterian Research Centre,12276,Unknown,1732,14487
Presbyterian Church of Aotearoa New Zealand,Presbyterian Research Centre,12276,Modify,6,14487
Productivity Commission,Shared Repository,5,Modify,5,5
Productivity Commission,Shared Repository,5,Share,5,5
Productivity Commission,Shared Repository,5,Use commercially,5,5
Public Address,Public Address,5795,All rights reserved,5819,5819
Puke Ariki,Puke Ariki,141428,All rights reserved,133622,133622
Radio New Zealand,Radio New Zealand,738524,All rights reserved,778363,778363
Radio New Zealand,Radio New Zealand YouTube,5245,All rights reserved,13099,13099
Radio New Zealand,The Wireless,3646,All rights reserved,3628,3628
Radio New Zealand,The Wireless YouTube,479,All rights reserved,479,479
Raglan and District Museum,Raglan and District Museum NZMuseums,210,All rights reserved,210,210
Remuera Heritage,Remuera Heritage,295,Share,312,312
Reserve Bank of New Zealand,Reserve Bank of New Zealand,1738,All rights reserved,3490,3490
Reserve Bank of New Zealand,Reserve Bank of New Zealand NZMuseums,289,All rights reserved,289,289
Rotorua Museum of Art & History Te Whare Taonga o Te Arawa,Rotorua Museum of Art & History Te Whare Taonga o Te Arawa NZMuseums,290,All rights reserved,290,290
SOUNZ,SOUNZ,22944,All rights reserved,23698,23698
SPARC,Shared Repository,4,All rights reserved,4,4
Sarjeant Gallery Te Whare o Rehua Whanganui,Sarjeant Gallery Te Whare o Rehua Whanganui,4126,All rights reserved,2647,4961
Sarjeant Gallery Te Whare o Rehua Whanganui,Sarjeant Gallery Te Whare o Rehua Whanganui,4126,Modify,2314,4961
Sarjeant Gallery Te Whare o Rehua Whanganui,Sarjeant Gallery Te Whare o Rehua Whanganui,4126,Share,2314,4961
Sarjeant Gallery Te Whare o Rehua Whanganui,Sarjeant Gallery Te Whare o Rehua Whanganui,4126,Use commercially,2314,4961
Science Learning Hub,Science Learning Hub,4315,All rights reserved,4442,4442
Science Media Centre,Sciblogs,12704,All rights reserved,13207,13207
Science Media Centre,Science Media Centre,813,All rights reserved,1019,1019
Shantytown,Shantytown NZMuseums,21,All rights reserved,21,21
Silky Oak Museum,Silky Oak Museum NZMuseums,20,All rights reserved,20,20
Social Wellbeing Agency,The Hub,3817,Share,3817,3817
South Canterbury Museum,South Canterbury Museum,18126,Share,19511,19511
Stardome Observatory & Planetarium,Stardome Education Resources,67,Modify,67,67
Stardome Observatory & Planetarium,Stardome Education Resources,67,Share,67,67
Stardome Observatory & Planetarium,Stardome Education Resources,67,Use commercially,67,67
State Library of New South Wales,State Library of New South Wales Flickr,159,Modify,162,162
State Library of New South Wales,State Library of New South Wales Flickr,159,Share,162,162
State Library of New South Wales,State Library of New South Wales Flickr,159,Use commercially,162,162
State Library of Victoria,State Library of Victoria,1229,Modify,796,856
State Library of Victoria,State Library of Victoria,1229,Share,796,856
State Library of Victoria,State Library of Victoria,1229,Use commercially,796,856
State Library of Victoria,State Library of Victoria,1229,All rights reserved,48,856
State Library of Victoria,State Library of Victoria,1229,Unknown,12,856
TBHP Collective Holiday Memories,Collective Holiday Memories,50,All rights reserved,50,50
TV3,Newshub,31291,All rights reserved,37818,37818
TV3,tv3.co.nz,3684,All rights reserved,1958,1958
Te Aroha & Districts Museum,Te Aroha & Districts Museum NZMuseums,46,All rights reserved,46,46
Te Awamutu Online,Te Awamutu TV YouTube,163,All rights reserved,163,163
Te Ipukarea Research Institute,Te Ipukarea Research Institute - YouTube,94,All rights reserved,95,95
Te Manawa,Te Manawa NZMuseums,76,All rights reserved,76,76
Te Puni Kōkiri,Te Puni Kōkiri,316,All rights reserved,318,318
Television New Zealand,TVNZ,65271,All rights reserved,54346,54346
Television New Zealand,TVNZ OnDemand,5781,All rights reserved,5781,5781
The British Library,The British Library Flickr,2819,Modify,2819,2819
The British Library,The British Library Flickr,2819,Share,2819,2819
The British Library,The British Library Flickr,2819,Use commercially,2819,2819
The Dowse Art Museum,Shared Repository,50,All rights reserved,40,50
The Dowse Art Museum,Shared Repository,50,Modify,10,50
The Dowse Art Museum,Shared Repository,50,Share,10,50
The National Archives UK,The National Archives UK Flickr,100,Modify,100,100
The National Archives UK,The National Archives UK Flickr,100,Share,100,100
The National Archives UK,The National Archives UK Flickr,100,Use commercially,100,100
The New Zealand Nursing Education and Research Foundation,Nursing Education and Research Foundation - Nursing Oral Histories in NZ,308,Modify,308,308
The New Zealand Nursing Education and Research Foundation,Nursing Education and Research Foundation - Nursing Oral Histories in NZ,308,Share,308,308
The Phoenix Project,The Phoenix Project,62,All rights reserved,62,62
The Prow: ngā kōrero o te tau ihu,TheProw.org.nz,735,Share,754,754
The Spinoff,The Spinoff,18433,All rights reserved,21282,21282
The Treasury,National Infrastructure Unit,1,All rights reserved,1,1
The Treasury,The Treasury,535,All rights reserved,535,535
The University of Auckland Library,Anthropology Photographic Archive,53902,Share,45871,51499
The University of Auckland Library,Anthropology Photographic Archive,53902,All rights reserved,5628,51499
The University of Auckland Library,Anthropology Photographic Archive,53902,Modify,1689,51499
The University of Auckland Library,Anthropology Photographic Archive,53902,Use commercially,1689,51499
The University of Auckland Library,Archive of Māori and Pacific Music,662,Modify,662,662
The University of Auckland Library,Archive of Māori and Pacific Music,662,Share,662,662
The University of Auckland Library,Early New Zealand Books,5313,All rights reserved,5313,5313
The University of Auckland Library,Early New Zealand Statutes,7476,Modify,7476,7476
The University of Auckland Library,Early New Zealand Statutes,7476,Share,7476,7476
The University of Auckland Library,History of the University of Auckland,22400,Share,22320,22400
The University of Auckland Library,History of the University of Auckland,22400,All rights reserved,80,22400
The University of Auckland Library,Journal of the Polynesian Society,4745,All rights reserved,4745,4745
The University of Auckland Library,New Zealand Journal of History,2134,All rights reserved,2134,2134
The University of Auckland Library,ResearchSpace@Auckland,34178,All rights reserved,27149,35016
The University of Auckland Library,ResearchSpace@Auckland,34178,Share,7867,35016
The University of Auckland Library,ResearchSpace@Auckland,34178,Modify,6187,35016
The University of Auckland Library,ResearchSpace@Auckland,34178,Use commercially,2972,35016
The University of Auckland Library,The Bookshelf,4195,All rights reserved,4195,4195
Toitū Otago Settlers Museum,Toitū Otago Settlers Museum,50,All rights reserved,50,50
Toitū Otago Settlers Museum,Toitū Otago Settlers Museum NZMuseums,150,All rights reserved,150,150
Torpedo Bay Navy Museum,Navy Museum Medal Collection,186,All rights reserved,150,256
Torpedo Bay Navy Museum,Navy Museum Medal Collection,186,Unknown,86,256
Torpedo Bay Navy Museum,Navy Museum Medal Collection,186,Modify,20,256
Torpedo Bay Navy Museum,Navy Museum Medal Collection,186,Share,20,256
Torpedo Bay Navy Museum,Navy Museum Medal Collection,186,Use commercially,20,256
Tourism New Zealand,Tourism New Zealand,55,All rights reserved,55,55
Tourism New Zealand,Tourism New Zealand YouTube,673,All rights reserved,680,680
Trove,Trove,83289,Unknown,95327,122094
Trove,Trove,83289,All rights reserved,21859,122094
Trove,Trove,83289,Share,4908,122094
Trove,Trove,83289,Modify,4855,122094
Trove,Trove,83289,Use commercially,4261,122094
UC Department of Art History and Theory,Illumination & Commemoration,123,Modify,123,123
UC Department of Art History and Theory,Illumination & Commemoration,123,Share,123,123
UC Department of Art History and Theory,Illumination & Commemoration,123,Use commercially,123,123
UC QuakeStudies,Becker Fraser Earthquake Photographs,12564,Modify,12564,12564
UC QuakeStudies,Becker Fraser Earthquake Photographs,12564,Share,12564,12564
UC QuakeStudies,QuakeStudies Repository,128977,All rights reserved,103037,129439
UC QuakeStudies,QuakeStudies Repository,128977,Share,26381,129439
UC QuakeStudies,QuakeStudies Repository,128977,Modify,11434,129439
UC QuakeStudies,QuakeStudies Repository,128977,Use commercially,1625,129439
UC QuakeStudies,QuakeStudies Repository,128977,Unknown,21,129439
UCOL Universal College of Learning,Shared Repository,9,All rights reserved,9,9
University of Canterbury,The Rutherford Journal,32,All rights reserved,32,32
University of Canterbury Library,UC Research Repository,17740,All rights reserved,17468,18532
University of Canterbury Library,UC Research Repository,17740,Share,1064,18532
University of Canterbury Library,UC Research Repository,17740,Modify,1033,18532
University of Canterbury Library,UC Research Repository,17740,Use commercially,1000,18532
University of Canterbury Library,University of Canterbury Digital Library,124,All rights reserved,124,124
University of Otago,Hocken Collections YouTube,60,All rights reserved,59,60
University of Otago,Hocken Collections YouTube,60,Modify,1,60
University of Otago,Hocken Collections YouTube,60,Share,1,60
University of Otago,Hocken Collections YouTube,60,Use commercially,1,60
University of Otago,Hocken Snapshop,32993,All rights reserved,32989,32989
University of Otago,Marsden Online Archive,599,Modify,599,599
University of Otago,Marsden Online Archive,599,Share,599,599
University of Otago,Media Studies 101,49,Modify,49,49
University of Otago,Media Studies 101,49,Share,49,49
University of Otago,Media Studies 101,49,Use commercially,49,49
University of Otago,Otago University Research Archive,9054,All rights reserved,9018,9895
University of Otago,Otago University Research Archive,9054,Share,877,9895
University of Otago,Otago University Research Archive,9054,Modify,409,9895
University of Otago,Otago University Research Archive,9054,Use commercially,321,9895
University of Otago,Otago University Research Heritage,4968,All rights reserved,5202,5202
University of Otago,Patterns for Fabric Anatomy Teaching Models,6,Modify,6,6
University of Otago,Patterns for Fabric Anatomy Teaching Models,6,Share,6,6
University of Otago,Special Collection's Incunabula,38,Modify,38,38
University of Otago,Special Collection's Incunabula,38,Share,38,38
University of Otago,Special Collection's Incunabula,38,Use commercially,38,38
University of Otago,University of Otago Library Exhibitions,25,All rights reserved,25,25
University of Waikato,Bishop Selwyn Collection of Early Māori Documents,180,Share,186,186
University of Waikato,British Parliamentary Papers,45,Modify,45,45
University of Waikato,British Parliamentary Papers,45,Share,45,45
University of Waikato,British Parliamentary Papers,45,Use commercially,45,45
University of Waikato,Conrad Coker papers,1,All rights reserved,1,1
University of Waikato,Historical Maps of the Waikato Region,237,Share,242,242
University of Waikato,Historical Photos of Waikato Rugby,75,Share,75,75
University of Waikato,Historical Photos of the Waikato and New Zealand,597,Share,618,618
University of Waikato,Illustrated London News: New Zealand,1963,Share,2007,2007
University of Waikato,Māori Postcards ca. 1890-1940,146,Share,157,157
University of Waikato,Publications,3,Share,3,3
University of Waikato,ResearchCommons@Waikato,12433,All rights reserved,11988,12615
University of Waikato,ResearchCommons@Waikato,12433,Share,627,12615
University of Waikato,ResearchCommons@Waikato,12433,Modify,557,12615
University of Waikato,ResearchCommons@Waikato,12433,Use commercially,423,12615
University of Waikato,Waikato Region Postcards,157,Share,157,157
University of Waikato,Waikato University Campus Photos,100,Share,100,100
Upper Hutt City Library,Historic Graffiti at Trentham Ranges,4485,All rights reserved,4485,4485
Upper Hutt City Library,Upper Hutt City Library Heritage Collections,27685,Share,25021,28484
Upper Hutt City Library,Upper Hutt City Library Heritage Collections,27685,Modify,24917,28484
Upper Hutt City Library,Upper Hutt City Library Heritage Collections,27685,All rights reserved,3463,28484
Upper Hutt City Library,Upper Hutt City Library Heritage Collections,27685,Use commercially,103,28484
Upper Hutt City Library,Upper Hutt Newspaper Archive,51184,Unknown,51184,51184
V.C. Browne & Son,V.C. Browne & Son NZ Aerial Photograph Collection,31461,All rights reserved,26870,31461
V.C. Browne & Son,V.C. Browne & Son NZ Aerial Photograph Collection,31461,Modify,4590,31461
V.C. Browne & Son,V.C. Browne & Son NZ Aerial Photograph Collection,31461,Share,4590,31461
V.C. Browne & Son,V.C. Browne & Son NZ Aerial Photograph Collection,31461,Use commercially,4590,31461
V.C. Browne & Son,V.C. Browne & Son NZ Aerial Photograph Collection,31461,Unknown,1,31461
Victoria University of Wellington,Archives@Victoria,271,All rights reserved,268,268
Victoria University of Wellington,New Zealand Electronic Text Collection,180504,Share,124050,222512
Victoria University of Wellington,New Zealand Electronic Text Collection,180504,Modify,123691,222512
Victoria University of Wellington,New Zealand Electronic Text Collection,180504,Use commercially,122085,222512
Victoria University of Wellington,New Zealand Electronic Text Collection,180504,All rights reserved,90055,222512
Victoria University of Wellington,New Zealand Electronic Text Collection,180504,Unknown,8407,222512
Victoria University of Wellington,Open Access Victoria University of Wellington,1062,All rights reserved,3277,5561
Victoria University of Wellington,Open Access Victoria University of Wellington,1062,Share,2284,5561
Victoria University of Wellington,Open Access Victoria University of Wellington,1062,Modify,142,5561
Victoria University of Wellington,Open Access Victoria University of Wellington,1062,Use commercially,126,5561
Victoria University of Wellington,VUW ResearchArchive,9003,All rights reserved,8255,9050
Victoria University of Wellington,VUW ResearchArchive,9003,Share,795,9050
Victoria University of Wellington,VUW ResearchArchive,9003,Modify,424,9050
Victoria University of Wellington,VUW ResearchArchive,9003,Use commercially,320,9050
Victoria and Albert Museum,Victoria and Albert Museum,421,All rights reserved,421,421
Waikato Museum Te Whare Taonga o Waikato,Waikato Museum Te Whare Taonga o Waikato,5857,All rights reserved,7264,7264
Waikato Museum Te Whare Taonga o Waikato,Waikato Museum Te Whare Taonga o Waikato YouTube,80,All rights reserved,74,74
Waimakariri District Libraries,Kete Waimakariri,599,Modify,599,599
Waimakariri District Libraries,Kete Waimakariri,599,Share,599,599
Waimate Museum and Archives,Waimate Museum and Archives NZMuseums,181,Modify,181,181
Waimate Museum and Archives,Waimate Museum and Archives NZMuseums,181,Share,181,181
Waimate Museum and Archives,Waimate Museum and Archives NZMuseums,181,Use commercially,86,181
Waimate Museum and Archives,Waimate Museum and Archives PastPerfect,4795,Share,8394,8394
Wairarapa Archive,Picture Wairarapa,24238,Modify,24534,24534
Wairarapa Archive,Picture Wairarapa,24238,Share,24534,24534
Wairarapa Archive,Picture Wairarapa,24238,Use commercially,24534,24534
Wairarapa Library Service,Wairarapa Library Service Kete,723,Modify,582,723
Wairarapa Library Service,Wairarapa Library Service Kete,723,Share,582,723
Wairarapa Library Service,Wairarapa Library Service Kete,723,Use commercially,537,723
Wairarapa Library Service,Wairarapa Library Service Kete,723,All rights reserved,141,723
Waitaki District Council,Culture Waitaki,7586,Modify,7515,7587
Waitaki District Council,Culture Waitaki,7586,Share,7515,7587
Waitaki District Council,Culture Waitaki,7586,Use commercially,7515,7587
Waitaki District Council,Culture Waitaki,7586,All rights reserved,72,7587
Waitaki Museum & Archive,Waitaki Museum & Archive NZMuseums,17,All rights reserved,17,17
Waitangi Tribunal,Waitangi Tribunal,176,All rights reserved,179,179
Waitangi Tribunal Unit,Shared Repository,58,Share,58,58
Wallace Arts Trust,The James Wallace Arts Trust,9113,All rights reserved,9214,9214
Wanganui Collegiate School Museum,Wanganui Collegiate School Museum NZMuseums,283,All rights reserved,192,192
Wellington City Council,Shared Repository,34,All rights reserved,34,34
Western Bay District Council,Western Bay Community Archives,849,Share,1007,1254
Western Bay District Council,Western Bay Community Archives,849,Modify,318,1254
Western Bay District Council,Western Bay Community Archives,849,Use commercially,311,1254
Western Bay District Council,Western Bay Community Archives,849,All rights reserved,247,1254
Whanganui Regional Museum,Whanganui Regional Museum NZMuseums,33,All rights reserved,33,33
Whangarei Libraries,Whangarei Libraries,2662,All rights reserved,2794,2794
Whitireia Community Polytechnic,Shared Repository,35,All rights reserved,35,35
Wikipedia,Wikipedia,14020,Modify,14020,14020
Wikipedia,Wikipedia,14020,Share,14020,14020
Wikipedia,Wikipedia,14020,Use commercially,14020,14020
Young Ocean Explorers,Young Ocean Explorers,289,All rights reserved,322,322
data.govt.nz,data.govt.nz,27418,Share,24767,31485
data.govt.nz,data.govt.nz,27418,Modify,24673,31485
data.govt.nz,data.govt.nz,27418,Use commercially,24630,31485
data.govt.nz,data.govt.nz,27418,All rights reserved,5734,31485
data.govt.nz,data.govt.nz,27418,Unknown,984,31485
eqnz.chch.2010,Flickr,6111,Share,4237,6112
eqnz.chch.2010,Flickr,6111,Modify,4007,6112
eqnz.chch.2010,Flickr,6111,All rights reserved,1875,6112
eqnz.chch.2010,Flickr,6111,Use commercially,259,6112
iNaturalist NZ — Mātaki Taiao,iNaturalist NZ — Mātaki Taiao,527674,Share,514936,571510
iNaturalist NZ — Mātaki Taiao,iNaturalist NZ — Mātaki Taiao,527674,Modify,505007,571510
iNaturalist NZ — Mātaki Taiao,iNaturalist NZ — Mātaki Taiao,527674,Use commercially,185075,571510
iNaturalist NZ — Mātaki Taiao,iNaturalist NZ — Mātaki Taiao,527674,All rights reserved,56574,571510
mychillybin,mychillybin.co.nz,30553,All rights reserved,30553,30553
